1,Bread
2,Dinner
4,Breakfast
6,Brunch
7,Snack
44,Lunch
45,Soup
46,Midnight Snack
52,Dessert
53,asdfasfdas
54,dfa
55,sdf
56,das
57,fad
58,sf
59,asdfsafd
60,asdf
61,c2
62,adsf
63,c1
64,c3
65,c4
66,c5
67,Appetizer
68,Pickle Bread
69,Apple Butter
70,Awesome Category
71,Apple
72,New Category
73,Chicken
74,Chili
75,Pasta
76,Beans
77,Butt
78,Paleo
79,Turkey
80,a
81,b
82,c
83,Vegetarian
84,Casserole
85,Homestyle
86,Rice
87,Drink
88,Bourbon
89,Salsa
90,Seafood
91,Salmon
92,Quick
93,Poultry
94,Holiday
95,Thanksgiving
