113,1,banana_crumb_muffins.jpg
152,1,zucchini-bread-vertical-b-1600.jpg
141,1,jamie_minestrone.jpg
142,1,french-onion-chicken-104.jpg
137,1,apple_fritter_bread.jpg
61,1,crockpot_beef_tips_and_gravy.jpg
53,1,angel_chicken.jpg
65,1,polenta_bake_with_shrimp.jpg
52,1,the-word-pizza-written-in-flour_1101-327.jpg
60,1,easy_homemade_french_bread.jpg
79,1,bread.jpg
56,1,julia_child_french_bread.jpg
88,1,red_lentil_vegetable_soup.jpg
154,1,7ab2be0ada262ea149648ca5afe76b9b.chicken-orzo-skillet2.jpg
165,1,IMG_3786edit-360x360.jpg
